<?xml version="1.0" encoding="UTF-8"?>
<!DOCTYPE sqlMap PUBLIC "-//ibatis.apache.org//DTD SQL Map 2.0//EN" "http://ibatis.apache.org/dtd/sql-map-2.dtd">

<sqlMap namespace="AdminSpace">

	<typeAlias  alias="egovMap"   type="org.egovframe.rte.psl.dataaccess.util.EgovMap"/>
	<typeAlias  alias="defaultVO" type="egov.mywork1.service.DefaultVO"/>
	<typeAlias  alias="noticeVO"  type="egov.mywork1.service.NoticeVO"/>
	
	<insert id="adminDAO.insertNotice">
		INSERT INTO NOTICEBOARD( UNQ
					       ,TITLE      
					       ,PASS   
					       ,NAME   
					       ,CONTENT
					       ,RDATE
					       ,EMPS) 
		           VALUES( NOTICEBOARD_SEQ.NEXTVAL 
						  ,#title#
						  ,#pass#
						  ,#name#
						  ,#content#
						  ,SYSDATE
						  ,#emps# )			  
	</insert>
	
	<select id="adminDAO.selectNoticeList" resultClass="egovMap">
	
	SELECT b2.* FROM (
	     SELECT rownum rn, a2.* FROM ( 
				SELECT c.* from  (
					SELECT  a.*  from (
				        SELECT  unq
				        		,title
				        		,name
				        		,hits
				        		,to_char(rdate,'yyyy-mm-dd') rdate
				                ,emps 
				         FROM  noticeboard 
				         WHERE emps='Y' 
						       ORDER BY unq DESC ) a
				    
				    UNION ALL 
				    
				    SELECT  b.*  from (
				        SELECT  unq
				        		,title
				        		,name
				        		,hits
				        		,to_char(rdate,'yyyy-mm-dd') rdate
				                ,emps  
				           FROM noticeboard 
				          WHERE emps='N'
				      			ORDER BY unq DESC ) b
				 	) c  

				  WHERE  1=1
				  
				  <isNotNull property="searchCondition">
				  	<isNotEmpty property="searchCondition">
				    	AND $searchCondition$ LIKE '%$searchKeyword$%'
			      	</isNotEmpty>
			      </isNotNull>
				 
				  ) a2 ) b2
				  
	WHERE 	
		  rn  BETWEEN  $firstIndex$  AND  $lastIndex$ 
	</select>

	<select id="adminDAO.selectNoticeTotal" resultClass="int">
		SELECT COUNT(*) FROM noticeboard 
			WHERE  1 = 1
				  <isNotNull property="searchCondition">
				  	<isNotEmpty property="searchCondition">
				    	  AND  $searchCondition$ LIKE '%$searchKeyword$%'
			      	</isNotEmpty>
			      </isNotNull>
	</select>
	<select id="adminDAO.selectNoticeDetail" resultClass="noticeVO">
		SELECT   unq
        		,title
        		,name
        		,hits
        		,to_char(rdate,'yyyy-mm-dd') rdate
        		,content
                ,emps  
           FROM noticeboard 
          WHERE 
          		unq=#unq#
	</select>

</sqlMap>





