<?xml version="1.0" encoding="UTF-8"?>
<!DOCTYPE sqlMap PUBLIC "-//ibatis.apache.org//DTD SQL Map 2.0//EN" "http://ibatis.apache.org/dtd/sql-map-2.dtd">

<sqlMap namespace="BoardSpace">

	<typeAlias  alias="egovMap"  type="org.egovframe.rte.psl.dataaccess.util.EgovMap"/>
	<typeAlias  alias="defaultVO" type="egov.mywork1.service.DefaultVO"/>
	<typeAlias  alias="boardVO"  type="egov.mywork1.service.BoardVO"/>
	
	<insert id="boardDAO.insertBoard">
		INSERT INTO BOARD1( UNQ
					       ,TITLE      
					       ,PASS   
					       ,NAME   
					       ,CONTENT
					       ,RDATE
					       ,UDATE) 
		           VALUES( BOARD1_SEQ.NEXTVAL 
						  ,#title#
						  ,#pass#
						  ,#name#
						  ,#content#
						  ,SYSDATE
						  ,SYSDATE )			  
	</insert>
	
	<select id="boardDAO.selectBoardList" resultClass="egovMap">
	 
	 SELECT b.* FROM (
	     SELECT rownum rn, a.* FROM (
				 SELECT unq
				       ,title
				       ,name
				       ,hits
				       ,to_char(rdate,'yyyy-mm-dd') rdate 
				  FROM board1 
				  WHERE  1=1
				  <isNotNull property="searchCondition">
				  	<isNotEmpty property="searchCondition">
				    	AND $searchCondition$ LIKE '%$searchKeyword$%'
			      	</isNotEmpty>
			      </isNotNull>

				  ORDER BY unq DESC ) a ) b
	WHERE 	
		  rn  BETWEEN  $firstIndex$  AND  $lastIndex$ 
	</select>
	
	<select id="boardDAO.selectNoticeList" resultClass="egovMap">
	
	SELECT b2.* FROM (
	     SELECT rownum rn, a2.* FROM ( 
				SELECT c.* from  (
					SELECT  a.*  from (
				        SELECT  unq
				        		,title
				        		,name
				        		,hits
				        		,to_char(rdate,'yyyy-mm-dd') rdate
				                ,emps 
				         FROM  noticeboard 
				         WHERE emps='Y' 
						       ORDER BY unq DESC ) a
				    
				    UNION ALL 
				    
				    SELECT  b.*  from (
				        SELECT  unq
				        		,title
				        		,name
				        		,hits
				        		,to_char(rdate,'yyyy-mm-dd') rdate
				                ,emps  
				           FROM noticeboard 
				          WHERE emps='N'
				      			ORDER BY unq DESC ) b
				 	) c  

				  WHERE  1=1
				  
				  <isNotNull property="searchCondition">
				  	<isNotEmpty property="searchCondition">
				    	AND $searchCondition$ LIKE '%$searchKeyword$%'
			      	</isNotEmpty>
			      </isNotNull>
				 
				  ) a2 ) b2
				  
	WHERE 	
		  rn  BETWEEN  $firstIndex$  AND  $lastIndex$ 
	</select>
	
	<select id="boardDAO.selectBoardTotal" resultClass="int">
		select count(*) total from board1 
		           WHERE 1=1
				  <isNotNull property="searchCondition">
				  	<isNotEmpty property="searchCondition">
				    	AND $searchCondition$ LIKE '%$searchKeyword$%'
			      	</isNotEmpty>
			      </isNotNull>
	</select>
	
	<select id="boardDAO.selectNoticeTotal" resultClass="int">
		select count(*) total from noticeboard 
		           WHERE 1=1
				  <isNotNull property="searchCondition">
				  	<isNotEmpty property="searchCondition">
				    	AND $searchCondition$ LIKE '%$searchKeyword$%'
			      	</isNotEmpty>
			      </isNotNull>
	</select>
	
	<select id="boardDAO.selectBoardDetail" resultClass="boardVO">
		SELECT unq
		      ,title
			  ,name
			  ,content
	          ,to_char(rdate,'yyyy-mm-dd') rdate
	     FROM
	          board1
	    WHERE 
	          unq=#unq#
	</select>
	
	<update id="boardDAO.updateBoardHits">
		UPDATE board1 SET hits=hits+1 WHERE unq=#unq#
	</update>
	
	<update id="boardDAO.updateBoard">
		UPDATE board1 SET 
				 title=#title#
				,name=#name#
				,content=#content#
				,udate=sysdate 
		WHERE 
				unq=#unq# 
			AND pass=#pass#
	</update>
	<delete id="boardDAO.deleteBoard">
	
		DELETE FROM board1 WHERE unq=#unq# AND pass=#pass#
	
	</delete>
	
	
</sqlMap>





